phone;group;name;gender;address;dob;email
859 844 9201;3;Abbye Draayer;Female;1650 Haas Court;09/16/2007;adraayer0@psu.edu
629 757 5314;4;Daryle Champneys;Male;1 Montana Lane;05/17/2020;dchampneys1@zdnet.com
279 141 6882;1;Smith Josskoviz;Male;56649 Northfield Crossing;06/30/2015;sjosskoviz2@weebly.com
832 332 1620;5;Corrie Ingham;Polygender;40 Knutson Point;06/27/2007;cingham3@globo.com
901 900 4121;3;Etti Arnaut;Female;919 Lien Place;07/21/2011;earnaut4@people.com.cn
851 971 5145;5;Oliviero Fleckney;Male;5 Swallow Pass;08/27/2014;ofleckney5@wufoo.com
211 194 2272;1;Michele O'Brogane;Female;2049 Jana Court;12/06/2024;mobrogane6@hibu.com
642 242 1151;2;Husain Oxberry;Male;42711 Glendale Alley;01/19/2002;hoxberry7@slashdot.org
744 694 7575;5;Dione Vela;Female;30209 Prentice Street;12/27/2016;dvela8@amazonaws.com
435 731 3501;4;Salomi Paynton;Genderfluid;10 Buhler Hill;05/08/2015;spaynton9@privacy.gov.au
511 663 9372;1;Agosto Southworth;Male;64 High Crossing Way;01/09/2017;asouthwortha@bravesites.com
211 951 8718;3;Constanta Gligoraci;Female;3385 Blaine Hill;07/04/2012;cgligoracib@odnoklassniki.ru
272 877 7588;4;Walther Lavrinov;Male;62 Burrows Junction;10/02/2007;wlavrinovc@sciencedaily.com
840 430 3613;1;Kamillah Hickinbottom;Female;66555 Vidon Plaza;01/10/2003;khickinbottomd@nih.gov
166 366 7860;2;Reggis Tattersill;Male;66763 Jenifer Alley;02/24/2009;rtattersille@ycombinator.com
239 786 8176;5;Junina Jurzyk;Female;84 Johnson Place;09/04/2004;jjurzykf@ucoz.ru
343 533 6503;2;Pedro Pughsley;Male;3 Northwestern Court;10/05/2014;ppughsleyg@jigsy.com
511 506 6561;2;Gladys Faughny;Female;76 Quincy Point;09/09/2004;gfaughnyh@netlog.com
395 668 6071;3;Lilia Scouse;Female;84668 Porter Trail;07/16/2024;lscousei@noaa.gov
591 515 7331;4;Isaak Tranter;Male;10263 Straubel Hill;04/03/2022;itranterj@tripadvisor.com
187 980 7067;1;Ruperta Barkly;Female;86846 Schiller Court;12/25/2006;rbarklyk@ning.com
672 877 2800;5;Winnifred Bigly;Female;325 Wayridge Circle;03/17/2024;wbiglyl@yahoo.co.jp
133 276 3191;4;Lenore Bowcock;Female;1 Old Gate Court;01/03/2012;lbowcockm@springer.com
677 323 2165;1;Florencia Epinoy;Female;39078 Cascade Street;02/03/2018;fepinoyn@rakuten.co.jp
191 451 3736;1;Jamesy Brailey;Male;77025 Green Junction;12/14/2005;jbraileyo@shareasale.com
321 512 1051;1;Dasie Alesi;Female;0094 Service Point;06/21/2004;dalesip@amazon.com
195 937 3086;3;Forrester Onyon;Male;068 Scott Point;04/16/2010;fonyonq@bbc.co.uk
179 294 1875;3;Claire Massard;Male;75453 Clarendon Alley;11/14/2005;cmassardr@jigsy.com
276 800 9280;1;Dorthy Wathall;Female;210 Oakridge Place;10/15/2001;dwathalls@army.mil
917 277 5975;4;Kaylyn Hare;Female;53661 Forest Road;07/20/2024;kharet@berkeley.edu
744 856 8760;4;Kevan Bonnefin;Male;85 7th Trail;05/10/2003;kbonnefinu@paginegialle.it
569 650 9960;3;Winona Sharratt;Female;8976 Gina Point;10/20/2007;wsharrattv@qq.com
922 649 9829;3;Nikki Giacopelo;Female;707 Northfield Junction;01/16/2014;ngiacopelow@nyu.edu
807 824 0742;1;Glynis Scarisbrick;Female;0 Oneill Junction;11/26/2001;gscarisbrickx@comsenz.com
115 409 7240;2;Brynne Walster;Female;9 Warbler Hill;04/09/2015;bwalstery@hp.com
262 825 7052;5;Clemmy Nial;Bigender;36147 Ludington Point;11/22/2016;cnialz@yale.edu
911 880 5798;1;Marshall Winridge;Male;06801 Del Sol Crossing;01/04/2020;mwinridge10@soundcloud.com
102 812 5020;3;Conny Kimble;Genderqueer;46679 Spenser Circle;11/08/2005;ckimble11@wix.com
405 343 0146;3;Frannie Adne;Female;7386 Rieder Crossing;09/24/2006;fadne12@gravatar.com
194 304 8332;4;Sela Balstone;Female;0303 Texas Street;06/22/2017;sbalstone13@pagesperso-orange.fr
388 435 8183;4;Pansy Skinn;Female;2 Northland Circle;08/16/2020;pskinn14@wordpress.org
228 260 5669;4;Tedmund Jiroutka;Male;2124 Scott Junction;11/05/2020;tjiroutka15@nsw.gov.au
793 228 4439;4;Edin Dinnage;Female;09 Oxford Lane;05/22/2023;edinnage16@wired.com
424 398 5804;1;Chandal Waddy;Female;73 Tomscot Circle;08/04/2015;cwaddy17@harvard.edu
284 898 2365;3;Shari Klyner;Female;46052 Novick Hill;09/15/2022;sklyner18@thetimes.co.uk
516 847 7247;4;Nichole Inchboard;Female;75 Waywood Point;11/17/2009;ninchboard19@vinaora.com
505 806 8280;3;Tessa Gallichiccio;Female;7285 Bellgrove Street;01/26/2012;tgallichiccio1a@newsvine.com
134 679 6125;1;Paten Cocozza;Male;38507 Portage Avenue;01/08/2020;pcocozza1b@nasa.gov
230 660 6928;2;Torrence Chitter;Male;0650 Almo Avenue;09/14/2011;tchitter1c@ucla.edu
635 706 6543;1;Breanne Buzzing;Female;3 Village Green Trail;05/22/2014;bbuzzing1d@ca.gov
507 746 0874;5;Cyndi Tomczynski;Female;3 Dayton Road;03/29/2014;ctomczynski1e@mtv.com
741 393 8507;3;Prentiss Beernt;Male;304 Harper Parkway;05/09/2009;pbeernt1f@wp.com
885 889 9852;1;Sarena Woodroffe;Female;4 Gulseth Center;02/10/2003;swoodroffe1g@google.es
645 711 4495;3;Berthe Genny;Female;8 Coolidge Drive;02/13/2015;bgenny1h@ed.gov
981 693 2994;4;Chloris Smails;Female;48041 Melvin Point;08/11/2021;csmails1i@wikipedia.org
758 498 5484;4;Estella Richley;Genderqueer;86 Shelley Drive;03/23/2004;erichley1j@rambler.ru
844 248 5535;2;Raimund Sibylla;Male;63 Heffernan Drive;03/24/2006;rsibylla1k@google.it
245 420 7779;4;Gwyn Fairn;Female;602 Mayfield Circle;11/24/2005;gfairn1l@tripadvisor.com
857 250 0559;4;Zacharias Rolls;Male;08614 Scoville Drive;04/15/2009;zrolls1m@google.es
433 713 0608;2;Bianka Whorlton;Female;2 Briar Crest Terrace;10/11/2006;bwhorlton1n@newyorker.com
269 470 2220;4;Cherin Henke;Female;7705 Fieldstone Drive;04/05/2014;chenke1o@people.com.cn
832 504 6055;1;Guglielmo Wheeldon;Male;5364 Shopko Circle;09/28/2023;gwheeldon1p@ezinearticles.com
204 224 3438;5;Tedra Rippingall;Female;0199 Browning Parkway;03/18/2016;trippingall1q@technorati.com
592 497 4049;1;Dione Mingo;Female;75932 Barnett Street;06/01/2016;dmingo1r@gizmodo.com
389 229 7371;5;Lenette Kaye;Female;1 Harbort Pass;06/12/2009;lkaye1s@ycombinator.com
690 421 5445;2;Elsy Monteith;Female;85 Acker Point;08/30/2010;emonteith1t@java.com
737 967 8676;1;Reamonn Klaussen;Male;5875 Meadow Valley Crossing;12/12/2011;rklaussen1u@sina.com.cn
604 649 8649;1;Myrtia Beharrell;Genderqueer;0807 Banding Way;10/12/2020;mbeharrell1v@seesaa.net
684 276 2871;1;Olympe Gadie;Agender;87955 Kedzie Park;04/16/2019;ogadie1w@artisteer.com
851 249 1452;1;Kimmie Billam;Female;22826 Northfield Point;11/06/2015;kbillam1x@psu.edu
579 130 3601;4;Janine Shenfish;Female;5889 Chinook Pass;01/07/2011;jshenfish1y@google.ru
712 940 8988;3;Jess Pinare;Female;89 Sycamore Center;01/31/2020;jpinare1z@adobe.com
623 586 9453;5;Ingaborg Mollett;Female;70 Hayes Parkway;04/11/2003;imollett20@mtv.com
834 997 0685;2;Adelbert Armin;Male;1241 Village Green Street;02/09/2005;aarmin21@nhs.uk
864 734 5334;2;Valerye Blackie;Female;64895 Canary Avenue;06/10/2017;vblackie22@livejournal.com
833 695 6858;2;Bridgette Dally;Female;7 Elka Point;12/20/2023;bdally23@nytimes.com
449 983 9649;2;Essy Worsfield;Female;81 Anzinger Terrace;01/20/2001;eworsfield24@newyorker.com
999 349 9286;1;Lauren Torr;Non-binary;3 Corscot Road;07/06/2012;ltorr25@foxnews.com
661 488 1632;4;Zacherie Pothergill;Bigender;1990 Marcy Drive;12/16/2009;zpothergill26@cafepress.com
839 478 6758;1;Tammie Tumility;Female;80197 Goodland Hill;07/21/2008;ttumility27@boston.com
582 833 5150;2;Shanie Tape;Female;0 Fairfield Street;07/17/2003;stape28@xrea.com
977 907 4232;1;Ripley Tebald;Male;202 Prairie Rose Avenue;10/11/2014;rtebald29@state.gov
684 262 9132;3;Tudor Milhench;Male;129 Loeprich Hill;07/12/2008;tmilhench2a@howstuffworks.com
608 989 1006;5;Chelsae Smoughton;Female;52 Butterfield Plaza;02/21/2019;csmoughton2b@google.co.uk
503 600 7806;5;Byrle Belding;Male;97 Thierer Hill;01/23/2019;bbelding2c@sciencedaily.com
193 331 4208;3;Perl Mainson;Female;8643 Meadow Vale Street;07/12/2024;pmainson2d@ucoz.com
151 105 2641;3;Lishe Klinck;Female;081 Loftsgordon Junction;04/28/2001;lklinck2e@oaic.gov.au
108 817 0708;2;Yorker Cosbee;Male;0 Arrowood Trail;09/11/2006;ycosbee2f@howstuffworks.com
711 117 9388;2;Christiano Dobbs;Male;2934 Hoard Way;04/05/2009;cdobbs2g@usatoday.com
150 422 3766;1;Vachel Lukesch;Male;9 Hoard Point;12/16/2003;vlukesch2h@indiegogo.com
870 889 4238;5;Lianna Tommen;Female;33 Ludington Junction;01/30/2023;ltommen2i@census.gov
243 367 5711;1;Martguerita Duberry;Female;516 Center Street;02/24/2001;mduberry2j@msu.edu
798 253 9362;5;Lyon Aizikov;Male;24465 Pine View Place;06/08/2012;laizikov2k@cloudflare.com
316 619 0209;5;Austin Gallaway;Female;750 Basil Pass;08/07/2019;agallaway2l@bloglovin.com
229 545 9245;1;Burnard Jaime;Male;8628 Tennyson Court;06/18/2024;bjaime2m@cnn.com
634 341 5686;4;Hort Lichtfoth;Polygender;0967 Redwing Alley;11/02/2009;hlichtfoth2n@nps.gov
449 604 3787;3;Sally Bristoe;Agender;8850 Prairieview Junction;03/04/2007;sbristoe2o@nifty.com
902 743 1842;3;Cherrita Febre;Female;49 Russell Plaza;05/20/2015;cfebre2p@techcrunch.com
100 913 7393;3;Alec Vlasyuk;Male;6 Cherokee Circle;05/19/2008;avlasyuk2q@nbcnews.com
520 117 4880;2;Ezmeralda Cureton;Female;21 Forest Dale Pass;10/09/2003;ecureton2r@hugedomains.com859 844 9201;3;Abbye Draayer;Female;1650 Haas Court;09/16/2007;adraayer0@psu.edu
629 757 5314;4;Daryle Champneys;Male;1 Montana Lane;05/17/2020;dchampneys1@zdnet.com
279 141 6882;1;Smith Josskoviz;Male;56649 Northfield Crossing;06/30/2015;sjosskoviz2@weebly.com
832 332 1620;5;Corrie Ingham;Polygender;40 Knutson Point;06/27/2007;cingham3@globo.com
901 900 4121;3;Etti Arnaut;Female;919 Lien Place;07/21/2011;earnaut4@people.com.cn
851 971 5145;5;Oliviero Fleckney;Male;5 Swallow Pass;08/27/2014;ofleckney5@wufoo.com
211 194 2272;1;Michele O'Brogane;Female;2049 Jana Court;12/06/2024;mobrogane6@hibu.com
642 242 1151;2;Husain Oxberry;Male;42711 Glendale Alley;01/19/2002;hoxberry7@slashdot.org
744 694 7575;5;Dione Vela;Female;30209 Prentice Street;12/27/2016;dvela8@amazonaws.com
435 731 3501;4;Salomi Paynton;Genderfluid;10 Buhler Hill;05/08/2015;spaynton9@privacy.gov.au
511 663 9372;1;Agosto Southworth;Male;64 High Crossing Way;01/09/2017;asouthwortha@bravesites.com
211 951 8718;3;Constanta Gligoraci;Female;3385 Blaine Hill;07/04/2012;cgligoracib@odnoklassniki.ru
272 877 7588;4;Walther Lavrinov;Male;62 Burrows Junction;10/02/2007;wlavrinovc@sciencedaily.com
840 430 3613;1;Kamillah Hickinbottom;Female;66555 Vidon Plaza;01/10/2003;khickinbottomd@nih.gov
166 366 7860;2;Reggis Tattersill;Male;66763 Jenifer Alley;02/24/2009;rtattersille@ycombinator.com
239 786 8176;5;Junina Jurzyk;Female;84 Johnson Place;09/04/2004;jjurzykf@ucoz.ru
343 533 6503;2;Pedro Pughsley;Male;3 Northwestern Court;10/05/2014;ppughsleyg@jigsy.com
511 506 6561;2;Gladys Faughny;Female;76 Quincy Point;09/09/2004;gfaughnyh@netlog.com
395 668 6071;3;Lilia Scouse;Female;84668 Porter Trail;07/16/2024;lscousei@noaa.gov
591 515 7331;4;Isaak Tranter;Male;10263 Straubel Hill;04/03/2022;itranterj@tripadvisor.com
187 980 7067;1;Ruperta Barkly;Female;86846 Schiller Court;12/25/2006;rbarklyk@ning.com
672 877 2800;5;Winnifred Bigly;Female;325 Wayridge Circle;03/17/2024;wbiglyl@yahoo.co.jp
133 276 3191;4;Lenore Bowcock;Female;1 Old Gate Court;01/03/2012;lbowcockm@springer.com
677 323 2165;1;Florencia Epinoy;Female;39078 Cascade Street;02/03/2018;fepinoyn@rakuten.co.jp
191 451 3736;1;Jamesy Brailey;Male;77025 Green Junction;12/14/2005;jbraileyo@shareasale.com
321 512 1051;1;Dasie Alesi;Female;0094 Service Point;06/21/2004;dalesip@amazon.com
195 937 3086;3;Forrester Onyon;Male;068 Scott Point;04/16/2010;fonyonq@bbc.co.uk
179 294 1875;3;Claire Massard;Male;75453 Clarendon Alley;11/14/2005;cmassardr@jigsy.com
276 800 9280;1;Dorthy Wathall;Female;210 Oakridge Place;10/15/2001;dwathalls@army.mil
917 277 5975;4;Kaylyn Hare;Female;53661 Forest Road;07/20/2024;kharet@berkeley.edu
744 856 8760;4;Kevan Bonnefin;Male;85 7th Trail;05/10/2003;kbonnefinu@paginegialle.it
569 650 9960;3;Winona Sharratt;Female;8976 Gina Point;10/20/2007;wsharrattv@qq.com
922 649 9829;3;Nikki Giacopelo;Female;707 Northfield Junction;01/16/2014;ngiacopelow@nyu.edu
807 824 0742;1;Glynis Scarisbrick;Female;0 Oneill Junction;11/26/2001;gscarisbrickx@comsenz.com
115 409 7240;2;Brynne Walster;Female;9 Warbler Hill;04/09/2015;bwalstery@hp.com
262 825 7052;5;Clemmy Nial;Bigender;36147 Ludington Point;11/22/2016;cnialz@yale.edu
911 880 5798;1;Marshall Winridge;Male;06801 Del Sol Crossing;01/04/2020;mwinridge10@soundcloud.com
102 812 5020;3;Conny Kimble;Genderqueer;46679 Spenser Circle;11/08/2005;ckimble11@wix.com
405 343 0146;3;Frannie Adne;Female;7386 Rieder Crossing;09/24/2006;fadne12@gravatar.com
194 304 8332;4;Sela Balstone;Female;0303 Texas Street;06/22/2017;sbalstone13@pagesperso-orange.fr
388 435 8183;4;Pansy Skinn;Female;2 Northland Circle;08/16/2020;pskinn14@wordpress.org
228 260 5669;4;Tedmund Jiroutka;Male;2124 Scott Junction;11/05/2020;tjiroutka15@nsw.gov.au
793 228 4439;4;Edin Dinnage;Female;09 Oxford Lane;05/22/2023;edinnage16@wired.com
424 398 5804;1;Chandal Waddy;Female;73 Tomscot Circle;08/04/2015;cwaddy17@harvard.edu
284 898 2365;3;Shari Klyner;Female;46052 Novick Hill;09/15/2022;sklyner18@thetimes.co.uk
516 847 7247;4;Nichole Inchboard;Female;75 Waywood Point;11/17/2009;ninchboard19@vinaora.com
505 806 8280;3;Tessa Gallichiccio;Female;7285 Bellgrove Street;01/26/2012;tgallichiccio1a@newsvine.com
134 679 6125;1;Paten Cocozza;Male;38507 Portage Avenue;01/08/2020;pcocozza1b@nasa.gov
230 660 6928;2;Torrence Chitter;Male;0650 Almo Avenue;09/14/2011;tchitter1c@ucla.edu
635 706 6543;1;Breanne Buzzing;Female;3 Village Green Trail;05/22/2014;bbuzzing1d@ca.gov
507 746 0874;5;Cyndi Tomczynski;Female;3 Dayton Road;03/29/2014;ctomczynski1e@mtv.com
741 393 8507;3;Prentiss Beernt;Male;304 Harper Parkway;05/09/2009;pbeernt1f@wp.com
885 889 9852;1;Sarena Woodroffe;Female;4 Gulseth Center;02/10/2003;swoodroffe1g@google.es
645 711 4495;3;Berthe Genny;Female;8 Coolidge Drive;02/13/2015;bgenny1h@ed.gov
981 693 2994;4;Chloris Smails;Female;48041 Melvin Point;08/11/2021;csmails1i@wikipedia.org
758 498 5484;4;Estella Richley;Genderqueer;86 Shelley Drive;03/23/2004;erichley1j@rambler.ru
844 248 5535;2;Raimund Sibylla;Male;63 Heffernan Drive;03/24/2006;rsibylla1k@google.it
245 420 7779;4;Gwyn Fairn;Female;602 Mayfield Circle;11/24/2005;gfairn1l@tripadvisor.com
857 250 0559;4;Zacharias Rolls;Male;08614 Scoville Drive;04/15/2009;zrolls1m@google.es
433 713 0608;2;Bianka Whorlton;Female;2 Briar Crest Terrace;10/11/2006;bwhorlton1n@newyorker.com
269 470 2220;4;Cherin Henke;Female;7705 Fieldstone Drive;04/05/2014;chenke1o@people.com.cn
832 504 6055;1;Guglielmo Wheeldon;Male;5364 Shopko Circle;09/28/2023;gwheeldon1p@ezinearticles.com
204 224 3438;5;Tedra Rippingall;Female;0199 Browning Parkway;03/18/2016;trippingall1q@technorati.com
592 497 4049;1;Dione Mingo;Female;75932 Barnett Street;06/01/2016;dmingo1r@gizmodo.com
389 229 7371;5;Lenette Kaye;Female;1 Harbort Pass;06/12/2009;lkaye1s@ycombinator.com
690 421 5445;2;Elsy Monteith;Female;85 Acker Point;08/30/2010;emonteith1t@java.com
737 967 8676;1;Reamonn Klaussen;Male;5875 Meadow Valley Crossing;12/12/2011;rklaussen1u@sina.com.cn
604 649 8649;1;Myrtia Beharrell;Genderqueer;0807 Banding Way;10/12/2020;mbeharrell1v@seesaa.net
684 276 2871;1;Olympe Gadie;Agender;87955 Kedzie Park;04/16/2019;ogadie1w@artisteer.com
851 249 1452;1;Kimmie Billam;Female;22826 Northfield Point;11/06/2015;kbillam1x@psu.edu
579 130 3601;4;Janine Shenfish;Female;5889 Chinook Pass;01/07/2011;jshenfish1y@google.ru
712 940 8988;3;Jess Pinare;Female;89 Sycamore Center;01/31/2020;jpinare1z@adobe.com
623 586 9453;5;Ingaborg Mollett;Female;70 Hayes Parkway;04/11/2003;imollett20@mtv.com
834 997 0685;2;Adelbert Armin;Male;1241 Village Green Street;02/09/2005;aarmin21@nhs.uk
864 734 5334;2;Valerye Blackie;Female;64895 Canary Avenue;06/10/2017;vblackie22@livejournal.com
833 695 6858;2;Bridgette Dally;Female;7 Elka Point;12/20/2023;bdally23@nytimes.com
449 983 9649;2;Essy Worsfield;Female;81 Anzinger Terrace;01/20/2001;eworsfield24@newyorker.com
999 349 9286;1;Lauren Torr;Non-binary;3 Corscot Road;07/06/2012;ltorr25@foxnews.com
661 488 1632;4;Zacherie Pothergill;Bigender;1990 Marcy Drive;12/16/2009;zpothergill26@cafepress.com
839 478 6758;1;Tammie Tumility;Female;80197 Goodland Hill;07/21/2008;ttumility27@boston.com
582 833 5150;2;Shanie Tape;Female;0 Fairfield Street;07/17/2003;stape28@xrea.com
977 907 4232;1;Ripley Tebald;Male;202 Prairie Rose Avenue;10/11/2014;rtebald29@state.gov
684 262 9132;3;Tudor Milhench;Male;129 Loeprich Hill;07/12/2008;tmilhench2a@howstuffworks.com
608 989 1006;5;Chelsae Smoughton;Female;52 Butterfield Plaza;02/21/2019;csmoughton2b@google.co.uk
503 600 7806;5;Byrle Belding;Male;97 Thierer Hill;01/23/2019;bbelding2c@sciencedaily.com
193 331 4208;3;Perl Mainson;Female;8643 Meadow Vale Street;07/12/2024;pmainson2d@ucoz.com
151 105 2641;3;Lishe Klinck;Female;081 Loftsgordon Junction;04/28/2001;lklinck2e@oaic.gov.au
108 817 0708;2;Yorker Cosbee;Male;0 Arrowood Trail;09/11/2006;ycosbee2f@howstuffworks.com
711 117 9388;2;Christiano Dobbs;Male;2934 Hoard Way;04/05/2009;cdobbs2g@usatoday.com
150 422 3766;1;Vachel Lukesch;Male;9 Hoard Point;12/16/2003;vlukesch2h@indiegogo.com
870 889 4238;5;Lianna Tommen;Female;33 Ludington Junction;01/30/2023;ltommen2i@census.gov
243 367 5711;1;Martguerita Duberry;Female;516 Center Street;02/24/2001;mduberry2j@msu.edu
798 253 9362;5;Lyon Aizikov;Male;24465 Pine View Place;06/08/2012;laizikov2k@cloudflare.com
316 619 0209;5;Austin Gallaway;Female;750 Basil Pass;08/07/2019;agallaway2l@bloglovin.com
229 545 9245;1;Burnard Jaime;Male;8628 Tennyson Court;06/18/2024;bjaime2m@cnn.com
634 341 5686;4;Hort Lichtfoth;Polygender;0967 Redwing Alley;11/02/2009;hlichtfoth2n@nps.gov
449 604 3787;3;Sally Bristoe;Agender;8850 Prairieview Junction;03/04/2007;sbristoe2o@nifty.com
902 743 1842;3;Cherrita Febre;Female;49 Russell Plaza;05/20/2015;cfebre2p@techcrunch.com
100 913 7393;3;Alec Vlasyuk;Male;6 Cherokee Circle;05/19/2008;avlasyuk2q@nbcnews.com
520 117 4880;2;Ezmeralda Cureton;Female;21 Forest Dale Pass;10/09/2003;ecureton2r@hugedomains.com
0123456789;1;asf;male;sdgs;sdgs;a@gmail.com
